{"cameraMode":{"drawMode":0,"name":"Shaded","section":"Shading Mode"},"sceneLighting":false,"audioPlay":false,"sceneViewState":{"m_AlwaysRefresh":false,"showFog":true,"showSkybox":false,"showFlares":true,"showImageEffects":true,"showParticleSystems":true,"showVisualEffectGraphs":true,"m_FxEnabled":true},"in2DMode":false,"pivot":{"x":1.0013320446014405,"y":6.327297687530518,"z":0.09991152584552765},"rotation":{"x":0.10893135517835617,"y":-0.0015709983417764307,"z":0.00016740676073823124,"w":0.9940416812896729},"size":0.7181986570358276,"orthographic":false}