{"cameraMode":{"drawMode":0,"name":"Shaded","section":"Shading Mode"},"sceneLighting":false,"audioPlay":false,"sceneViewState":{"m_AlwaysRefresh":false,"showFog":true,"showSkybox":false,"showFlares":true,"showImageEffects":true,"showParticleSystems":true,"showVisualEffectGraphs":true,"m_FxEnabled":true},"in2DMode":false,"pivot":{"x":0.009999990463256836,"y":-0.4099999964237213,"z":-0.550000011920929},"rotation":{"x":0.052125439047813418,"y":-0.03983577713370323,"z":-0.0020804593805223705,"w":-0.9978473782539368},"size":1.4007141590118409,"orthographic":false}