{"cameraMode":{"drawMode":0,"name":"Shaded","section":"Shading Mode"},"sceneLighting":false,"audioPlay":false,"sceneViewState":{"m_AlwaysRefresh":false,"showFog":true,"showSkybox":false,"showFlares":true,"showImageEffects":true,"showParticleSystems":true,"showVisualEffectGraphs":true,"m_FxEnabled":true},"in2DMode":false,"pivot":{"x":16.013246536254884,"y":-1.0088748931884766,"z":112.5293960571289},"rotation":{"x":0.0662359967827797,"y":-0.008288615383207798,"z":0.0005495836376212537,"w":0.9977572560310364},"size":0.48989659547805788,"orthographic":false}