{"cameraMode":{"drawMode":0,"name":"Shaded","section":"Shading Mode"},"sceneLighting":false,"audioPlay":false,"sceneViewState":{"m_AlwaysRefresh":false,"showFog":true,"showSkybox":false,"showFlares":true,"showImageEffects":true,"showParticleSystems":true,"showVisualEffectGraphs":true,"m_FxEnabled":true},"in2DMode":false,"pivot":{"x":6.559985637664795,"y":0.9418202638626099,"z":1.3310537338256837},"rotation":{"x":-0.030918754637241365,"y":0.8768383264541626,"z":-0.05690733343362808,"w":-0.4764023423194885},"size":1.2592698335647584,"orthographic":false}