{"cameraMode":{"drawMode":0,"name":"Shaded","section":"Shading Mode"},"sceneLighting":false,"audioPlay":false,"sceneViewState":{"m_AlwaysRefresh":false,"showFog":true,"showSkybox":false,"showFlares":true,"showImageEffects":true,"showParticleSystems":true,"showVisualEffectGraphs":true,"m_FxEnabled":true},"in2DMode":false,"pivot":{"x":3.939103841781616,"y":8.020912170410157,"z":-0.06600762158632279},"rotation":{"x":0.03777700290083885,"y":-0.009801198728382588,"z":0.00036744799581356347,"w":0.9992392659187317},"size":0.8660253882408142,"orthographic":false}