{"cameraMode":{"drawMode":0,"name":"Shaded","section":"Shading Mode"},"sceneLighting":false,"audioPlay":false,"sceneViewState":{"m_AlwaysRefresh":false,"showFog":true,"showSkybox":false,"showFlares":true,"showImageEffects":true,"showParticleSystems":true,"showVisualEffectGraphs":true,"m_FxEnabled":true},"in2DMode":false,"pivot":{"x":-4.668305397033691,"y":9.844216346740723,"z":0.26229166984558108},"rotation":{"x":0.07911339402198792,"y":0.08839800208806992,"z":-0.007043377496302128,"w":0.9929203391075134},"size":0.4330126941204071,"orthographic":false}